"GENE_ID","ADJ_PVAL"
"ENSG00000198792",2.287206e-298
"ENSG00000236987",2.130292e-247
"ENSG00000233412",3.062018e-230
"ENSG00000228294",8.269212e-229
"ENSG00000125743",2.735125e-207
"ENSG00000188859",2.735125e-207
