,Phenotype_A,Phenotype_A,Phenotype_A,Phenotype_A,Phenotype_A,Phenotype_A,Phenotype_A,Phenotype_A
,count,mean,std,min,25%,50%,75%,max
label,,,,,,,,
case,248988.0,-0.12763000803498803,0.6466546372348924,-3.0429487534642665,-0.5657480004080049,-0.12633966823422843,0.3116699043894585,2.7059624855331266
control,248972.0,0.7054046561948499,0.6490695743498618,-2.3407131552023803,0.26478808770550566,0.7044982851170931,1.1449208595913214,3.684636763438617
