phenotype,t_stat,p_value
Phenotype A,-453.6772484598013,0.0
Phenotype B,58.26165591003183,0.0
Phenotype C,43.566954842661055,0.0
Phenotype D,92.74634342074866,0.0
Phenotype E,223.01046951660632,0.0
